{
  "project_info": {
    "project_number": "1057456903734",
    "project_id": "jobquest-8027a",
    "storage_bucket": "jobquest-8027a.firebasestorage.app"
  },
  "client": [
    {
      "client_info": {
        "mobilesdk_app_id": "1:1057456903734:android:b86cad766baa92c70c2a97",
        "android_client_info": {
          "package_name": "com.android.jobquest"
        }
      },
      "oauth_client": [],
      "api_key": [
        {
          "current_key": "AIzaSyCOm6YsmzWOlfMKWBhIxZRjpaZk_Ei5DDs"
        }
      ],
      "services": {
        "appinvite_service": {
          "other_platform_oauth_client": []
        }
      }
    }
  ],
  "configuration_version": "1"
}